<?xml version="1.0" encoding="UTF-8"?>
<qes:espresso xsi:schemaLocation="http://www.quantum-espresso.org/ns/qes/qes-1.0 http://www.quantum-espresso.org/ns/qes/qes_030920.xsd" Units="Hartree atomic units" xmlns:xsi="http://www.w3.org/2001/XMLSchema-instance" xmlns:qes="http://www.quantum-espresso.org/ns/qes/qes-1.0">
  <!--All quantities are in Hartree atomic units unless otherwise specified-->
  <general_info>
    <xml_format NAME="QEXSD" VERSION="20.04.20">QEXSD_20.04.20</xml_format>
    <creator NAME="PWSCF" VERSION="6.7MaX">XML file generated by PWSCF</creator>
    <created DATE="11May2022" TIME="14:31:10">This run was terminated on:  14:31:10  11 May 2022</created>
    <job></job>
  </general_info>
  <parallel_info>
    <nprocs>1</nprocs>
    <nthreads>1</nthreads>
    <ntasks>1</ntasks>
    <nbgrp>1</nbgrp>
    <npool>1</npool>
    <ndiag>1</ndiag>
  </parallel_info>
  <input>
    <control_variables>
      <title></title>
      <calculation>vc-relax</calculation>
      <restart_mode>from_scratch</restart_mode>
      <prefix>aiida</prefix>
      <pseudo_dir>./pseudo/</pseudo_dir>
      <outdir>./out/</outdir>
      <stress>true</stress>
      <forces>true</forces>
      <wf_collect>true</wf_collect>
      <disk_io>low</disk_io>
      <max_seconds>41040</max_seconds>
      <nstep>50</nstep>
      <etot_conv_thr>1.000000000000000e-4</etot_conv_thr>
      <forc_conv_thr>5.000000000000000e-4</forc_conv_thr>
      <press_conv_thr>5.000000000000000e-1</press_conv_thr>
      <verbosity>high</verbosity>
      <print_every>100000</print_every>
    </control_variables>
    <atomic_species ntyp="1">
      <species name="Si">
        <mass>2.808500000000000e1</mass>
        <pseudo_file>Si.pbesol-n-rrkjus_psl.1.0.0.UPF</pseudo_file>
      </species>
    </atomic_species>
    <atomic_structure nat="2" alat="7.203560398028e0">
      <atomic_positions>
        <atom name="Si" index="1">0.000000000000000e0 0.000000000000000e0 0.000000000000000e0</atom>
        <atom name="Si" index="2">3.601780199014226e0 2.079488774889269e0 1.470420615189022e0</atom>
      </atomic_positions>
      <cell>
        <a1>7.203560398028451e0 0.000000000000000e0 0.000000000000000e0</a1>
        <a2>3.601780199014225e0 6.238466302369041e0 0.000000000000000e0</a2>
        <a3>3.601780199014225e0 2.079488767519338e0 5.881682435433757e0</a3>
      </cell>
    </atomic_structure>
    <dft>
      <functional>PBESOL</functional>
    </dft>
    <spin>
      <lsda>false</lsda>
      <noncolin>false</noncolin>
      <spinorbit>false</spinorbit>
    </spin>
    <bands>
      <smearing degauss="5.000000000000e-3">mv</smearing>
      <tot_charge>0.000000000000000e0</tot_charge>
      <occupations>smearing</occupations>
    </bands>
    <basis>
      <gamma_only>false</gamma_only>
      <ecutwfc>1.500000000000000e1</ecutwfc>
      <ecutrho>1.200000000000000e2</ecutrho>
    </basis>
    <electron_control>
      <diagonalization>davidson</diagonalization>
      <mixing_mode>plain</mixing_mode>
      <mixing_beta>4.000000000000000e-1</mixing_beta>
      <conv_thr>4.000000000000000e-10</conv_thr>
      <mixing_ndim>8</mixing_ndim>
      <max_nstep>80</max_nstep>
      <real_space_q>false</real_space_q>
      <real_space_beta>false</real_space_beta>
      <tq_smoothing>false</tq_smoothing>
      <tbeta_smoothing>false</tbeta_smoothing>
      <diago_thr_init>0.000000000000000e0</diago_thr_init>
      <diago_full_acc>false</diago_full_acc>
      <diago_cg_maxiter>20</diago_cg_maxiter>
      <diago_ppcg_maxiter>20</diago_ppcg_maxiter>
    </electron_control>
    <k_points_IBZ>
      <monkhorst_pack nk1="5" nk2="5" nk3="5" k1="0" k2="0" k3="0">Monkhorst-Pack</monkhorst_pack>
    </k_points_IBZ>
    <ion_control>
      <ion_dynamics>bfgs</ion_dynamics>
      <upscale>1.000000000000000e2</upscale>
      <remove_rigid_rot>false</remove_rigid_rot>
      <refold_pos>false</refold_pos>
      <bfgs>
        <ndim>1</ndim>
        <trust_radius_min>1.000000000000000e-4</trust_radius_min>
        <trust_radius_max>8.000000000000000e-1</trust_radius_max>
        <trust_radius_init>5.000000000000000e-1</trust_radius_init>
        <w1>1.000000000000000e-2</w1>
        <w2>5.000000000000000e-1</w2>
      </bfgs>
    </ion_control>
    <cell_control>
      <cell_dynamics>bfgs</cell_dynamics>
      <pressure>0.000000000000000e0</pressure>
      <wmass>5.617000000000001e1</wmass>
      <cell_factor>0.000000000000000e0</cell_factor>
      <fix_volume>false</fix_volume>
      <fix_area>false</fix_area>
      <isotropic>false</isotropic>
    </cell_control>
    <symmetry_flags>
      <nosym>false</nosym>
      <nosym_evc>false</nosym_evc>
      <noinv>false</noinv>
      <no_t_rev>false</no_t_rev>
      <force_symmorphic>false</force_symmorphic>
      <use_all_frac>false</use_all_frac>
    </symmetry_flags>
    <free_positions rank="2" dims="3 2" order="F">
      1 1 1
      1 1 1
      </free_positions>
  </input>
  <step n_step="1">
    <scf_conv>
      <convergence_achieved>true</convergence_achieved>
      <n_scf_steps>7</n_scf_steps>
      <scf_error>5.764917389892777e-10</scf_error>
    </scf_conv>
    <atomic_structure nat="2" alat="7.203560398028e0">
      <atomic_positions>
        <atom name="Si" index="1">0.000000000000000e0 0.000000000000000e0 0.000000000000000e0</atom>
        <atom name="Si" index="2">3.601780199014226e0 2.079488774889269e0 1.470420615189022e0</atom>
      </atomic_positions>
      <cell>
        <a1>7.203560398028451e0 0.000000000000000e0 0.000000000000000e0</a1>
        <a2>3.601780199014225e0 6.238466302369041e0 0.000000000000000e0</a2>
        <a3>3.601780199014225e0 2.079488767519338e0 5.881682435433757e0</a3>
      </cell>
    </atomic_structure>
    <total_energy>
      <etot>-1.133601189043942e1</etot>
      <eband>3.707719169309056e-1</eband>
      <ehart>5.355258886387247e-1</ehart>
      <vtxc>-3.374631504954915e0</vtxc>
      <etxc>-6.085537340587979e0</etxc>
      <ewald>-8.460352861825754e0</ewald>
      <demet>1.941119583662386e-5</demet>
    </total_energy>
    <forces rank="2" dims="3 2" order="F">
      0.000000000000000e0 0.000000000000000e0 1.428092902367039e-8
      0.000000000000000e0 0.000000000000000e0 -1.428092902367039e-8
      </forces>
  </step>
  <step n_step="2">
    <scf_conv>
      <convergence_achieved>true</convergence_achieved>
      <n_scf_steps>7</n_scf_steps>
      <scf_error>6.198939519532115e-10</scf_error>
    </scf_conv>
    <atomic_structure nat="2" alat="7.203560398028e0">
      <atomic_positions>
        <atom name="Si" index="1">0.000000000000000e0 -1.318350317451114e-21 2.868505059640456e-8</atom>
        <atom name="Si" index="2">3.617312327033730e0 2.088456253214430e0 1.476762781170652e0</atom>
      </atomic_positions>
      <cell>
        <a1>7.234624654067458e0 -3.153272994852312e-18 6.938893903907228e-18</a1>
        <a2>3.617312327033729e0 6.265368737248568e0 -2.881236915719398e-13</a2>
        <a3>3.617312327033729e0 2.088456245812514e0 5.907051213991546e0</a3>
      </cell>
    </atomic_structure>
    <total_energy>
      <etot>-1.133623027735116e1</etot>
      <eband>3.416800206527433e-1</eband>
      <ehart>5.410732140050801e-1</ehart>
      <vtxc>-3.364439763473349e0</vtxc>
      <etxc>-6.077295619696154e0</etxc>
      <ewald>-8.424023197688008e0</ewald>
      <demet>1.951095165721456e-5</demet>
    </total_energy>
    <forces rank="2" dims="3 2" order="F">
      1.376159835594649e-25 -6.598341787950107e-21 -1.434810794401187e-7
      -1.376159835594649e-25 6.598341787950107e-21 1.434810794401187e-7
      </forces>
  </step>
  <step n_step="3">
    <scf_conv>
      <convergence_achieved>true</convergence_achieved>
      <n_scf_steps>8</n_scf_steps>
      <scf_error>4.140997968232980e-12</scf_error>
    </scf_conv>
    <atomic_structure nat="2" alat="7.203560398028e0">
      <atomic_positions>
        <atom name="Si" index="1">0.000000000000000e0 4.709713405258126e-20 -5.342425922871169e-7</atom>
        <atom name="Si" index="2">3.631874715781227e0 2.096863852307857e0 1.482707670814569e0</atom>
      </atomic_positions>
      <cell>
        <a1>7.263749431562454e0 -4.509501817801885e-18 1.561251128379126e-17</a1>
        <a2>3.631874715781227e0 6.290591534438881e0 -5.547732412347628e-13</a2>
        <a3>3.631874715781227e0 2.096863844875954e0 5.930828520754541e0</a3>
      </cell>
    </atomic_structure>
    <total_energy>
      <etot>-1.133629917568417e1</etot>
      <eband>3.148576568145299e-1</eband>
      <ehart>5.462594288804091e-1</ehart>
      <vtxc>-3.354990528605167e0</vtxc>
      <etxc>-6.069661374914988e0</etxc>
      <ewald>-8.390247591320023e0</ewald>
      <demet>1.954787932696515e-5</demet>
    </total_energy>
    <forces rank="2" dims="3 2" order="F">
      -1.328208449512707e-25 5.449888325106853e-21 6.179514105562784e-8
      1.328208449512707e-25 -5.449888325106853e-21 -6.179514105562784e-8
      </forces>
  </step>
  <output>
    <convergence_info>
      <scf_conv>
        <convergence_achieved>true</convergence_achieved>
        <n_scf_steps>10</n_scf_steps>
        <scf_error>5.837290326122152e-14</scf_error>
      </scf_conv>
      <opt_conv>
        <convergence_achieved>true</convergence_achieved>
        <n_opt_steps>2</n_opt_steps>
        <grad_norm>1.861736596614191e-7</grad_norm>
      </opt_conv>
    </convergence_info>
    <algorithmic_info>
      <real_space_q>false</real_space_q>
      <real_space_beta>false</real_space_beta>
      <uspp>true</uspp>
      <paw>false</paw>
    </algorithmic_info>
    <atomic_species ntyp="1" pseudo_dir="./pseudo/">
      <species name="Si">
        <mass>2.808500000000000e1</mass>
        <pseudo_file>Si.pbesol-n-rrkjus_psl.1.0.0.UPF</pseudo_file>
      </species>
    </atomic_species>
    <atomic_structure nat="2" alat="7.203560398028e0">
      <atomic_positions>
        <atom name="Si" index="1">-4.766916402083126e-23 4.709713405258126e-20 -5.342425922871169e-7</atom>
        <atom name="Si" index="2">3.631874715781227e0 2.096863852307857e0 1.482707670814569e0</atom>
      </atomic_positions>
      <cell>
        <a1>7.263749431562454e0 -4.509501817801885e-18 1.561251128379126e-17</a1>
        <a2>3.631874715781227e0 6.290591534438881e0 -5.547732412347628e-13</a2>
        <a3>3.631874715781227e0 2.096863844875954e0 5.930828520754541e0</a3>
      </cell>
    </atomic_structure>
    <symmetries>
      <nsym>12</nsym>
      <nrot>12</nrot>
      <space_group>0</space_group>
      <symmetry>
        <info name="identity" class="not found">crystal_symmetry</info>
        <rotation rank="2" dims="3 3" order="F">
          1.000000000000000e0 0.000000000000000e0 0.000000000000000e0
          0.000000000000000e0 1.000000000000000e0 0.000000000000000e0
          0.000000000000000e0 0.000000000000000e0 1.000000000000000e0
          </rotation>
        <fractional_translation>0.000000000000000e0 0.000000000000000e0 0.000000000000000e0</fractional_translation>
        <equivalent_atoms nat="2" size="2">
          1 2
          </equivalent_atoms>
      </symmetry>
      <symmetry>
        <info name="180 deg rotation - cart. axis [1,0,0]" class="not found">crystal_symmetry</info>
        <rotation rank="2" dims="3 3" order="F">
          1.000000000000000e0 1.000000000000000e0 1.000000000000000e0
          0.000000000000000e0 -1.000000000000000e0 0.000000000000000e0
          0.000000000000000e0 0.000000000000000e0 -1.000000000000000e0
          </rotation>
        <fractional_translation>-2.499999990467550e-1 -2.500000008301680e-1 -2.500000010763217e-1</fractional_translation>
        <equivalent_atoms nat="2" size="2">
          2 1
          </equivalent_atoms>
      </symmetry>
      <symmetry>
        <info name="120 deg rotation - cryst. axis [0,0,1]" class="not found">crystal_symmetry</info>
        <rotation rank="2" dims="3 3" order="F">
          -1.000000000000000e0 -1.000000000000000e0 -1.000000000000000e0
          1.000000000000000e0 0.000000000000000e0 0.000000000000000e0
          0.000000000000000e0 0.000000000000000e0 1.000000000000000e0
          </rotation>
        <fractional_translation>0.000000000000000e0 0.000000000000000e0 0.000000000000000e0</fractional_translation>
        <equivalent_atoms nat="2" size="2">
          1 2
          </equivalent_atoms>
      </symmetry>
      <symmetry>
        <info name="120 deg rotation - cryst. axis [0,0,-1]" class="not found">crystal_symmetry</info>
        <rotation rank="2" dims="3 3" order="F">
          0.000000000000000e0 1.000000000000000e0 0.000000000000000e0
          -1.000000000000000e0 -1.000000000000000e0 -1.000000000000000e0
          0.000000000000000e0 0.000000000000000e0 1.000000000000000e0
          </rotation>
        <fractional_translation>0.000000000000000e0 0.000000000000000e0 0.000000000000000e0</fractional_translation>
        <equivalent_atoms nat="2" size="2">
          1 2
          </equivalent_atoms>
      </symmetry>
      <symmetry>
        <info name="180 deg rotation - cryst. axis [0,1,0]" class="not found">crystal_symmetry</info>
        <rotation rank="2" dims="3 3" order="F">
          0.000000000000000e0 -1.000000000000000e0 0.000000000000000e0
          -1.000000000000000e0 0.000000000000000e0 0.000000000000000e0
          0.000000000000000e0 0.000000000000000e0 -1.000000000000000e0
          </rotation>
        <fractional_translation>-2.500000008301680e-1 -2.499999990467552e-1 -2.500000010763217e-1</fractional_translation>
        <equivalent_atoms nat="2" size="2">
          2 1
          </equivalent_atoms>
      </symmetry>
      <symmetry>
        <info name="180 deg rotation - cryst. axis [1,1,0]" class="not found">crystal_symmetry</info>
        <rotation rank="2" dims="3 3" order="F">
          -1.000000000000000e0 0.000000000000000e0 0.000000000000000e0
          1.000000000000000e0 1.000000000000000e0 1.000000000000000e0
          0.000000000000000e0 0.000000000000000e0 -1.000000000000000e0
          </rotation>
        <fractional_translation>-2.499999990467552e-1 -2.499999990467550e-1 -2.500000010763217e-1</fractional_translation>
        <equivalent_atoms nat="2" size="2">
          2 1
          </equivalent_atoms>
      </symmetry>
      <symmetry>
        <info name="inversion" class="not found">crystal_symmetry</info>
        <rotation rank="2" dims="3 3" order="F">
          -1.000000000000000e0 0.000000000000000e0 0.000000000000000e0
          0.000000000000000e0 -1.000000000000000e0 0.000000000000000e0
          0.000000000000000e0 0.000000000000000e0 -1.000000000000000e0
          </rotation>
        <fractional_translation>-2.499999990467552e-1 -2.500000008301680e-1 -2.500000010763217e-1</fractional_translation>
        <equivalent_atoms nat="2" size="2">
          2 1
          </equivalent_atoms>
      </symmetry>
      <symmetry>
        <info name="inv. 180 deg rotation - cart. axis [1,0,0]" class="not found">crystal_symmetry</info>
        <rotation rank="2" dims="3 3" order="F">
          -1.000000000000000e0 -1.000000000000000e0 -1.000000000000000e0
          0.000000000000000e0 1.000000000000000e0 0.000000000000000e0
          0.000000000000000e0 0.000000000000000e0 1.000000000000000e0
          </rotation>
        <fractional_translation>0.000000000000000e0 0.000000000000000e0 0.000000000000000e0</fractional_translation>
        <equivalent_atoms nat="2" size="2">
          1 2
          </equivalent_atoms>
      </symmetry>
      <symmetry>
        <info name="inv. 120 deg rotation - cryst. axis [0,0,1]" class="not found">crystal_symmetry</info>
        <rotation rank="2" dims="3 3" order="F">
          1.000000000000000e0 1.000000000000000e0 1.000000000000000e0
          -1.000000000000000e0 0.000000000000000e0 0.000000000000000e0
          0.000000000000000e0 0.000000000000000e0 -1.000000000000000e0
          </rotation>
        <fractional_translation>-2.499999990467550e-1 -2.499999990467552e-1 -2.500000010763217e-1</fractional_translation>
        <equivalent_atoms nat="2" size="2">
          2 1
          </equivalent_atoms>
      </symmetry>
      <symmetry>
        <info name="inv. 120 deg rotation - cryst. axis [0,0,-1]" class="not found">crystal_symmetry</info>
        <rotation rank="2" dims="3 3" order="F">
          0.000000000000000e0 -1.000000000000000e0 0.000000000000000e0
          1.000000000000000e0 1.000000000000000e0 1.000000000000000e0
          0.000000000000000e0 0.000000000000000e0 -1.000000000000000e0
          </rotation>
        <fractional_translation>-2.500000008301680e-1 -2.499999990467550e-1 -2.500000010763217e-1</fractional_translation>
        <equivalent_atoms nat="2" size="2">
          2 1
          </equivalent_atoms>
      </symmetry>
      <symmetry>
        <info name="inv. 180 deg rotation - cryst. axis [0,1,0]" class="not found">crystal_symmetry</info>
        <rotation rank="2" dims="3 3" order="F">
          0.000000000000000e0 1.000000000000000e0 0.000000000000000e0
          1.000000000000000e0 0.000000000000000e0 0.000000000000000e0
          0.000000000000000e0 0.000000000000000e0 1.000000000000000e0
          </rotation>
        <fractional_translation>0.000000000000000e0 0.000000000000000e0 0.000000000000000e0</fractional_translation>
        <equivalent_atoms nat="2" size="2">
          1 2
          </equivalent_atoms>
      </symmetry>
      <symmetry>
        <info name="inv. 180 deg rotation - cryst. axis [1,1,0]" class="not found">crystal_symmetry</info>
        <rotation rank="2" dims="3 3" order="F">
          1.000000000000000e0 0.000000000000000e0 0.000000000000000e0
          -1.000000000000000e0 -1.000000000000000e0 -1.000000000000000e0
          0.000000000000000e0 0.000000000000000e0 1.000000000000000e0
          </rotation>
        <fractional_translation>0.000000000000000e0 0.000000000000000e0 0.000000000000000e0</fractional_translation>
        <equivalent_atoms nat="2" size="2">
          1 2
          </equivalent_atoms>
      </symmetry>
    </symmetries>
    <basis_set>
      <gamma_only>false</gamma_only>
      <ecutwfc>1.500000000000000e1</ecutwfc>
      <ecutrho>1.200000000000000e2</ecutrho>
      <fft_grid nr1="36" nr2="36" nr3="36"></fft_grid>
      <fft_smooth nr1="32" nr2="32" nr3="32"></fft_smooth>
      <fft_box nr1="36" nr2="36" nr3="36"></fft_box>
      <ngm>16889</ngm>
      <ngms>5985</ngms>
      <npwx>763</npwx>
      <reciprocal_lattice>
        <b1>9.917137789372978e-1 -5.725662172302731e-1 -4.048653220884534e-1</b1>
        <b2>1.581131248102456e-18 1.145132434460439e0 -4.048653221066980e-1</b2>
        <b3>-2.610620507702546e-18 1.071178789408625e-13 1.214595966283605e0</b3>
      </reciprocal_lattice>
    </basis_set>
    <dft>
      <functional>PBESOL</functional>
    </dft>
    <magnetization>
      <lsda>false</lsda>
      <noncolin>false</noncolin>
      <spinorbit>false</spinorbit>
      <total>0.000000000000000e0</total>
      <absolute>0.000000000000000e0</absolute>
    </magnetization>
    <total_energy>
      <etot>-1.133631035151348e1</etot>
      <eband>3.148453589236579e-1</eband>
      <ehart>5.462616924088136e-1</ehart>
      <vtxc>-3.354996931213892e0</vtxc>
      <etxc>-6.069663140860518e0</etxc>
      <ewald>-8.390247590373964e0</ewald>
      <demet>1.954789356770018e-5</demet>
    </total_energy>
    <band_structure>
      <lsda>false</lsda>
      <noncolin>false</noncolin>
      <spinorbit>false</spinorbit>
      <nbnd>8</nbnd>
      <nelec>8.000000000000000e0</nelec>
      <num_of_atomic_wfc>8</num_of_atomic_wfc>
      <wf_collected>true</wf_collected>
      <fermi_energy>2.304340203112198e-1</fermi_energy>
      <starting_k_points>
        <monkhorst_pack nk1="5" nk2="5" nk3="5" k1="0" k2="0" k3="0">Monkhorst-Pack</monkhorst_pack>
      </starting_k_points>
      <nks>19</nks>
      <occupations_kind>smearing</occupations_kind>
      <smearing degauss="5.000000000000e-3">mv</smearing>
      <ks_energies>
        <k_point weight="1.600000000000e-2">0.000000000000000e0 0.000000000000000e0 0.000000000000000e0</k_point>
        <npw>749</npw>
        <eigenvalues size="8">
          -2.141969393248053e-1 2.258287544193221e-1 2.258289634261224e-1 2.258289652185796e-1 3.181446322495760e-1
          3.181447141045637e-1 3.181447149656163e-1 3.462712492598106e-1
          </eigenvalues>
        <occupations size="8">
          1.000000000000000e0 9.999827396336201e-1 9.999670265306182e-1 9.999668917669542e-1 0.000000000000000e0
          0.000000000000000e0 0.000000000000000e0 0.000000000000000e0
          </occupations>
      </ks_energies>
      <ks_energies>
        <k_point weight="3.200000000000e-2">-5.221241015405091e-19 2.142357578817250e-14 2.429191932567210e-1</k_point>
        <npw>760</npw>
        <eigenvalues size="8">
          -1.951570717869235e-1 1.144701638489145e-1 2.043376715877473e-1 2.043376731025121e-1 3.045155118697802e-1
          3.476341987823386e-1 3.476341998459577e-1 4.449581007274496e-1
          </eigenvalues>
        <occupations size="8">
          1.000000000000000e0 1.000000000000000e0 1.000000000486033e0 1.000000000486034e0 0.000000000000000e0
          0.000000000000000e0 0.000000000000000e0 0.000000000000000e0
          </occupations>
      </ks_energies>
      <ks_energies>
        <k_point weight="3.200000000000e-2">-1.044248203081018e-18 4.284715157634500e-14 4.858383865134420e-1</k_point>
        <npw>763</npw>
        <eigenvalues size="8">
          -1.448884914536829e-1 -5.827859406135740e-3 1.842132835858510e-1 1.842132850469066e-1 2.821643020712023e-1
          3.489676193639352e-1 3.489676209312496e-1 5.062976330327906e-1
          </eigenvalues>
        <occupations size="8">
          1.000000000000000e0 1.000000000000000e0 1.000000000000000e0 1.000000000000000e0 0.000000000000000e0
          0.000000000000000e0 0.000000000000000e0 0.000000000000000e0
          </occupations>
      </ks_energies>
      <ks_energies>
        <k_point weight="9.600000000000e-2">3.162262496204913e-19 2.290264868920878e-1 -8.097306442133959e-2</k_point>
        <npw>760</npw>
        <eigenvalues size="8">
          -1.951570608796956e-1 1.144703295303814e-1 2.043374971742195e-1 2.043376490973167e-1 3.045153591469472e-1
          3.476341335861683e-1 3.476341797850961e-1 4.449581978097212e-1
          </eigenvalues>
        <occupations size="8">
          1.000000000000000e0 1.000000000000000e0 1.000000000485880e0 1.000000000486013e0 0.000000000000000e0
          0.000000000000000e0 0.000000000000000e0 0.000000000000000e0
          </occupations>
      </ks_energies>
      <ks_energies>
        <k_point weight="9.600000000000e-2">-2.058978519200178e-19 2.290264868921092e-1 1.619461288353814e-1</k_point>
        <npw>753</npw>
        <eigenvalues size="8">
          -1.886115179925790e-1 1.291515523943646e-1 1.705769013459888e-1 1.705770307982868e-1 2.762764842331809e-1
          3.650639980562498e-1 4.041508607986755e-1 4.041509054996593e-1
          </eigenvalues>
        <occupations size="8">
          1.000000000000000e0 1.000000000000000e0 1.000000000000000e0 1.000000000000000e0 0.000000000000000e0
          0.000000000000000e0 0.000000000000000e0 0.000000000000000e0
          </occupations>
      </ks_energies>
      <ks_energies>
        <k_point weight="9.600000000000e-2">-7.280219534605267e-19 2.290264868921307e-1 4.048653220921024e-1</k_point>
        <npw>752</npw>
        <eigenvalues size="8">
          -1.465772332637309e-1 3.016280249088702e-2 1.282779551382077e-1 1.518872153731151e-1 2.875270954609875e-1
          3.725417978689022e-1 4.048312354541105e-1 4.236463588831140e-1
          </eigenvalues>
        <occupations size="8">
          1.000000000000000e0 1.000000000000000e0 1.000000000000000e0 1.000000000000000e0 0.000000000000000e0
          0.000000000000000e0 0.000000000000000e0 0.000000000000000e0
          </occupations>
      </ks_energies>
      <ks_energies>
        <k_point weight="9.600000000000e-2">1.360474452701509e-18 2.290264868920449e-1 -5.668114509347816e-1</k_point>
        <npw>753</npw>
        <eigenvalues size="8">
          -1.138327378482915e-1 -2.139670036727451e-2 9.831428899942031e-2 1.624116616170053e-1 2.979016959523149e-1
          3.921760576775792e-1 4.000579632813257e-1 5.007806920487210e-1
          </eigenvalues>
        <occupations size="8">
          1.000000000000000e0 1.000000000000000e0 1.000000000000000e0 1.000000000000000e0 0.000000000000000e0
          0.000000000000000e0 0.000000000000000e0 0.000000000000000e0
          </occupations>
      </ks_energies>
      <ks_energies>
        <k_point weight="9.600000000000e-2">8.383503511610002e-19 2.290264868920664e-1 -3.238922576780605e-1</k_point>
        <npw>758</npw>
        <eigenvalues size="8">
          -1.645412906026455e-1 6.087899998546895e-2 1.140753894169221e-1 1.946036879327193e-1 3.294519979894278e-1
          3.706336868755076e-1 3.815658320249307e-1 4.330211699602544e-1
          </eigenvalues>
        <occupations size="8">
          1.000000000000000e0 1.000000000000000e0 1.000000000000000e0 1.000000000000000e0 0.000000000000000e0
          0.000000000000000e0 0.000000000000000e0 0.000000000000000e0
          </occupations>
      </ks_energies>
      <ks_energies>
        <k_point weight="9.600000000000e-2">6.324524992409826e-19 4.580529737841756e-1 -1.619461288426792e-1</k_point>
        <npw>763</npw>
        <eigenvalues size="8">
          -1.448884514554383e-1 -5.827749892087618e-3 1.842131168177906e-1 1.842132424004701e-1 2.821641242129862e-1
          3.489675241529136e-1 3.489675310929729e-1 5.062976397269283e-1
          </eigenvalues>
        <occupations size="8">
          1.000000000000000e0 1.000000000000000e0 1.000000000000000e0 1.000000000000000e0 0.000000000000000e0
          0.000000000000000e0 0.000000000000000e0 0.000000000000000e0
          </occupations>
      </ks_energies>
      <ks_energies>
        <k_point weight="9.600000000000e-2">1.103283977004736e-19 4.580529737841970e-1 8.097306441404179e-2</k_point>
        <npw>752</npw>
        <eigenvalues size="8">
          -1.465772040022811e-1 3.016288174169341e-2 1.282778717365518e-1 1.518871951965237e-1 2.875270647775282e-1
          3.725416928620048e-1 4.048310032185274e-1 4.236462338518799e-1
          </eigenvalues>
        <occupations size="8">
          1.000000000000000e0 1.000000000000000e0 1.000000000000000e0 1.000000000000000e0 0.000000000000000e0
          0.000000000000000e0 0.000000000000000e0 0.000000000000000e0
          </occupations>
      </ks_energies>
      <ks_energies>
        <k_point weight="9.600000000000e-2">-4.117957038400356e-19 4.580529737842185e-1 3.238922576707628e-1</k_point>
        <npw>753</npw>
        <eigenvalues size="8">
          -1.143986070387249e-1 -1.403165906164959e-3 1.260929296061879e-1 1.260930588709823e-1 2.430661180005138e-1
          2.696155903543781e-1 5.364466736575593e-1 5.364466870723861e-1
          </eigenvalues>
        <occupations size="8">
          1.000000000000000e0 1.000000000000000e0 1.000000000000000e0 1.000000000000000e0 1.388827227766231e-5
          0.000000000000000e0 0.000000000000000e0 0.000000000000000e0
          </occupations>
      </ks_energies>
      <ks_energies>
        <k_point weight="9.600000000000e-2">1.676700702322001e-18 4.580529737841328e-1 -6.477845153561211e-1</k_point>
        <npw>746</npw>
        <eigenvalues size="8">
          -6.984836397596823e-2 -4.783753243434297e-2 7.462492733832566e-2 1.305012815963883e-1 2.594660987783672e-1
          3.382832494475738e-1 5.211009607708064e-1 5.433201031533487e-1
          </eigenvalues>
        <occupations size="8">
          1.000000000000000e0 1.000000000000000e0 1.000000000000000e0 1.000000000000000e0 0.000000000000000e0
          0.000000000000000e0 0.000000000000000e0 0.000000000000000e0
          </occupations>
      </ks_energies>
      <ks_energies>
        <k_point weight="9.600000000000e-2">1.154576600781492e-18 4.580529737841542e-1 -4.048653220994002e-1</k_point>
        <npw>753</npw>
        <eigenvalues size="8">
          -1.138327050740686e-1 -2.139662222518932e-2 9.831417378051990e-2 1.624116410047041e-1 2.979016556314927e-1
          3.921758553921915e-1 4.000578262723357e-1 5.007790508403936e-1
          </eigenvalues>
        <occupations size="8">
          1.000000000000000e0 1.000000000000000e0 1.000000000000000e0 1.000000000000000e0 0.000000000000000e0
          0.000000000000000e0 0.000000000000000e0 0.000000000000000e0
          </occupations>
      </ks_energies>
      <ks_energies>
        <k_point weight="1.920000000000e-1">1.983427557874595e-1 3.435397303381210e-1 -2.429191932603699e-1</k_point>
        <npw>752</npw>
        <eigenvalues size="8">
          -1.465772126358518e-1 3.016290000367061e-2 1.282779324366504e-1 1.518870808663099e-1 2.875269760253218e-1
          3.725419196482838e-1 4.048311172218416e-1 4.236462731152406e-1
          </eigenvalues>
        <occupations size="8">
          1.000000000000000e0 1.000000000000000e0 1.000000000000000e0 1.000000000000000e0 0.000000000000000e0
          0.000000000000000e0 0.000000000000000e0 0.000000000000000e0
          </occupations>
      </ks_energies>
      <ks_energies>
        <k_point weight="9.600000000000e-2">1.983427557874595e-1 3.435397303381424e-1 -3.648886748308655e-12</k_point>
        <npw>758</npw>
        <eigenvalues size="8">
          -1.645412705498329e-1 6.087906684518297e-2 1.140754069098627e-1 1.946035763211085e-1 3.294518753171722e-1
          3.706336572634813e-1 3.815657541534857e-1 4.330209403794206e-1
          </eigenvalues>
        <occupations size="8">
          1.000000000000000e0 1.000000000000000e0 1.000000000000000e0 1.000000000000000e0 0.000000000000000e0
          0.000000000000000e0 0.000000000000000e0 0.000000000000000e0
          </occupations>
      </ks_energies>
      <ks_energies>
        <k_point weight="1.920000000000e-1">1.983427557874595e-1 3.435397303380782e-1 -7.287575797738119e-1</k_point>
        <npw>750</npw>
        <eigenvalues size="8">
          -9.809973885462353e-2 -1.546899660832958e-2 7.779401689116422e-2 1.144858887991324e-1 3.475594384081182e-1
          3.607178804811100e-1 3.861773481550022e-1 5.090389729910604e-1
          </eigenvalues>
        <occupations size="8">
          1.000000000000000e0 1.000000000000000e0 1.000000000000000e0 1.000000000000000e0 0.000000000000000e0
          0.000000000000000e0 0.000000000000000e0 0.000000000000000e0
          </occupations>
      </ks_energies>
      <ks_energies>
        <k_point weight="1.920000000000e-1">1.983427557874595e-1 -5.725662172302303e-1 8.097306442498857e-2</k_point>
        <npw>753</npw>
        <eigenvalues size="8">
          -1.138326922311417e-1 -2.139661897932856e-2 9.831423965666028e-2 1.624115360945150e-1 2.979015477443075e-1
          3.921759003563255e-1 4.000578615833993e-1 5.007786886818608e-1
          </eigenvalues>
        <occupations size="8">
          1.000000000000000e0 1.000000000000000e0 1.000000000000000e0 1.000000000000000e0 0.000000000000000e0
          0.000000000000000e0 0.000000000000000e0 0.000000000000000e0
          </occupations>
      </ks_energies>
      <ks_energies>
        <k_point weight="1.920000000000e-1">1.983427557874595e-1 -5.725662172301874e-1 5.668114509384305e-1</k_point>
        <npw>750</npw>
        <eigenvalues size="8">
          -9.809971035934172e-2 -1.546898523082104e-2 7.779402385944863e-2 1.144858400265629e-1 3.475594382110842e-1
          3.607177943094180e-1 3.861771911134548e-1 5.090392522896519e-1
          </eigenvalues>
        <occupations size="8">
          1.000000000000000e0 1.000000000000000e0 1.000000000000000e0 1.000000000000000e0 0.000000000000000e0
          0.000000000000000e0 0.000000000000000e0 0.000000000000000e0
          </occupations>
      </ks_energies>
      <ks_energies>
        <k_point weight="9.600000000000e-2">1.983427557874595e-1 -5.725662172302731e-1 -4.048653220884534e-1</k_point>
        <npw>746</npw>
        <eigenvalues size="8">
          -6.984835538191485e-2 -4.783751183201418e-2 7.462499286698564e-2 1.305011563901581e-1 2.594659515831600e-1
          3.382834572974549e-1 5.211006122533841e-1 5.417747354274162e-1
          </eigenvalues>
        <occupations size="8">
          1.000000000000000e0 1.000000000000000e0 1.000000000000000e0 1.000000000000000e0 0.000000000000000e0
          0.000000000000000e0 0.000000000000000e0 0.000000000000000e0
          </occupations>
      </ks_energies>
    </band_structure>
    <forces rank="2" dims="3 2" order="F">
      -1.414767755784578e-25 5.805015349662436e-21 6.582232861245294e-8
      1.414767755784578e-25 -5.805015349662436e-21 -6.582232861245294e-8
      </forces>
    <stress rank="2" dims="3 3" order="F">
      1.740458184044551e-6 -2.413231161202756e-23 4.196063649644019e-22
      -2.361074660835258e-23 1.740458184055055e-6 -1.833298917541190e-17
      2.080193111349628e-22 -1.833308005327862e-17 1.739542010822242e-6
      </stress>
  </output>
  <status>0</status>
  <timing_info>
    <total label="PWSCF">
      <cpu>8.494041260000001e2</cpu>
      <wall>3.339510791063310e3</wall>
    </total>
    <partial label="electrons" calls="4">
      <cpu>4.397017969999999e2</cpu>
      <wall>1.776063415050507e3</wall>
    </partial>
  </timing_info>
  <closed DATE="11 May 2022" TIME="14:31:10"></closed>
</qes:espresso>
