<?xml version="1.0" encoding="UTF-8"?>
<qes:espresso xsi:schemaLocation="http://www.quantum-espresso.org/ns/qes/qes-1.0 http://www.quantum-espresso.org/ns/qes/qes_030920.xsd" Units="Hartree atomic units" xmlns:xsi="http://www.w3.org/2001/XMLSchema-instance" xmlns:qes="http://www.quantum-espresso.org/ns/qes/qes-1.0">
  <!--All quantities are in Hartree atomic units unless otherwise specified-->
  <general_info>
    <xml_format NAME="QEXSD" VERSION="20.04.20">QEXSD_20.04.20</xml_format>
    <creator NAME="PWSCF" VERSION="6.7MaX">XML file generated by PWSCF</creator>
    <created DATE="11May2022" TIME="14:48:42">This run was terminated on:  14:48:42  11 May 2022</created>
    <job></job>
  </general_info>
  <parallel_info>
    <nprocs>1</nprocs>
    <nthreads>1</nthreads>
    <ntasks>1</ntasks>
    <nbgrp>1</nbgrp>
    <npool>1</npool>
    <ndiag>1</ndiag>
  </parallel_info>
  <input>
    <control_variables>
      <title></title>
      <calculation>vc-relax</calculation>
      <restart_mode>from_scratch</restart_mode>
      <prefix>aiida</prefix>
      <pseudo_dir>./pseudo/</pseudo_dir>
      <outdir>./out/</outdir>
      <stress>true</stress>
      <forces>true</forces>
      <wf_collect>true</wf_collect>
      <disk_io>low</disk_io>
      <max_seconds>41040</max_seconds>
      <nstep>50</nstep>
      <etot_conv_thr>1.000000000000000e-4</etot_conv_thr>
      <forc_conv_thr>5.000000000000000e-4</forc_conv_thr>
      <press_conv_thr>5.000000000000000e-1</press_conv_thr>
      <verbosity>high</verbosity>
      <print_every>100000</print_every>
    </control_variables>
    <atomic_species ntyp="1">
      <species name="Si">
        <mass>2.808500000000000e1</mass>
        <pseudo_file>Si.pbesol-n-rrkjus_psl.1.0.0.UPF</pseudo_file>
      </species>
    </atomic_species>
    <atomic_structure nat="2" alat="7.263749399829e0">
      <atomic_positions>
        <atom name="Si" index="1">0.000000000000000e0 0.000000000000000e0 -5.342255754317051e-7</atom>
        <atom name="Si" index="2">3.631874699820155e0 2.096863843222825e0 1.482707664340108e0</atom>
      </atomic_positions>
      <cell>
        <a1>7.263749399829282e0 0.000000000000000e0 0.000000000000000e0</a1>
        <a2>3.631874699820155e0 6.290591506991762e0 0.000000000000000e0</a2>
        <a3>3.631874699820155e0 2.096863835663921e0 5.930828494757856e0</a3>
      </cell>
    </atomic_structure>
    <dft>
      <functional>PBESOL</functional>
    </dft>
    <spin>
      <lsda>false</lsda>
      <noncolin>false</noncolin>
      <spinorbit>false</spinorbit>
    </spin>
    <bands>
      <nbnd>8</nbnd>
      <smearing degauss="5.000000000000e-3">mv</smearing>
      <tot_charge>0.000000000000000e0</tot_charge>
      <occupations>smearing</occupations>
    </bands>
    <basis>
      <gamma_only>false</gamma_only>
      <ecutwfc>1.500000000000000e1</ecutwfc>
      <ecutrho>1.200000000000000e2</ecutrho>
    </basis>
    <electron_control>
      <diagonalization>davidson</diagonalization>
      <mixing_mode>plain</mixing_mode>
      <mixing_beta>4.000000000000000e-1</mixing_beta>
      <conv_thr>4.000000000000000e-10</conv_thr>
      <mixing_ndim>8</mixing_ndim>
      <max_nstep>80</max_nstep>
      <real_space_q>false</real_space_q>
      <real_space_beta>false</real_space_beta>
      <tq_smoothing>false</tq_smoothing>
      <tbeta_smoothing>false</tbeta_smoothing>
      <diago_thr_init>0.000000000000000e0</diago_thr_init>
      <diago_full_acc>false</diago_full_acc>
      <diago_cg_maxiter>20</diago_cg_maxiter>
      <diago_ppcg_maxiter>20</diago_ppcg_maxiter>
    </electron_control>
    <k_points_IBZ>
      <monkhorst_pack nk1="5" nk2="5" nk3="5" k1="0" k2="0" k3="0">Monkhorst-Pack</monkhorst_pack>
    </k_points_IBZ>
    <ion_control>
      <ion_dynamics>bfgs</ion_dynamics>
      <upscale>1.000000000000000e2</upscale>
      <remove_rigid_rot>false</remove_rigid_rot>
      <refold_pos>false</refold_pos>
      <bfgs>
        <ndim>1</ndim>
        <trust_radius_min>1.000000000000000e-4</trust_radius_min>
        <trust_radius_max>8.000000000000000e-1</trust_radius_max>
        <trust_radius_init>5.000000000000000e-1</trust_radius_init>
        <w1>1.000000000000000e-2</w1>
        <w2>5.000000000000000e-1</w2>
      </bfgs>
    </ion_control>
    <cell_control>
      <cell_dynamics>bfgs</cell_dynamics>
      <pressure>0.000000000000000e0</pressure>
      <wmass>5.617000000000001e1</wmass>
      <cell_factor>0.000000000000000e0</cell_factor>
      <fix_volume>false</fix_volume>
      <fix_area>false</fix_area>
      <isotropic>false</isotropic>
    </cell_control>
    <symmetry_flags>
      <nosym>false</nosym>
      <nosym_evc>false</nosym_evc>
      <noinv>false</noinv>
      <no_t_rev>false</no_t_rev>
      <force_symmorphic>false</force_symmorphic>
      <use_all_frac>false</use_all_frac>
    </symmetry_flags>
    <free_positions rank="2" dims="3 2" order="F">
      1 1 1
      1 1 1
      </free_positions>
  </input>
  <step n_step="1">
    <scf_conv>
      <convergence_achieved>true</convergence_achieved>
      <n_scf_steps>7</n_scf_steps>
      <scf_error>3.755561734843123e-10</scf_error>
    </scf_conv>
    <atomic_structure nat="2" alat="7.263749399829e0">
      <atomic_positions>
        <atom name="Si" index="1">0.000000000000000e0 0.000000000000000e0 -5.342255754317051e-7</atom>
        <atom name="Si" index="2">3.631874699820155e0 2.096863843222825e0 1.482707664340108e0</atom>
      </atomic_positions>
      <cell>
        <a1>7.263749399829282e0 0.000000000000000e0 0.000000000000000e0</a1>
        <a2>3.631874699820155e0 6.290591506991762e0 0.000000000000000e0</a2>
        <a3>3.631874699820155e0 2.096863835663921e0 5.930828494757856e0</a3>
      </cell>
    </atomic_structure>
    <total_energy>
      <etot>-1.133631035110190e1</etot>
      <eband>3.148386223240850e-1</eband>
      <ehart>5.462622041115418e-1</ehart>
      <vtxc>-3.354997172301339e0</vtxc>
      <etxc>-6.069663173728906e0</etxc>
      <ewald>-8.390247627054567e0</ewald>
      <demet>1.954789684120735e-5</demet>
    </total_energy>
    <forces rank="2" dims="3 2" order="F">
      0.000000000000000e0 0.000000000000000e0 -8.594823197662629e-8
      0.000000000000000e0 0.000000000000000e0 8.594823197662629e-8
      </forces>
  </step>
  <step n_step="2">
    <scf_conv>
      <convergence_achieved>true</convergence_achieved>
      <n_scf_steps>4</n_scf_steps>
      <scf_error>2.595886866437041e-10</scf_error>
    </scf_conv>
    <atomic_structure nat="2" alat="7.263749399829e0">
      <atomic_positions>
        <atom name="Si" index="1">-7.690793827817565e-22 -4.806746142385978e-23 -7.061829862621471e-7</atom>
        <atom name="Si" index="2">3.632188130826704e0 2.097044802699488e0 1.482835811865946e0</atom>
      </atomic_positions>
      <cell>
        <a1>7.264376261842388e0 9.415800863237457e-15 6.657814490690360e-15</a1>
        <a2>3.632188130826709e0 6.291134385419783e0 3.328880140290869e-15</a2>
        <a3>3.632188130826709e0 2.097044795139931e0 5.931340397029336e0</a3>
      </cell>
    </atomic_structure>
    <total_energy>
      <etot>-1.133631044430569e1</etot>
      <eband>3.142836510667352e-1</eband>
      <ehart>5.463697715152009e-1</ehart>
      <vtxc>-3.354792648921272e0</vtxc>
      <etxc>-6.069498031623561e0</etxc>
      <ewald>-8.389523576995213e0</ewald>
      <demet>1.954834246596410e-5</demet>
    </total_energy>
    <forces rank="2" dims="3 2" order="F">
      -5.753223056651700e-23 2.704567250222260e-28 6.277371810263710e-8
      5.753223056651700e-23 -2.704567250222260e-28 -6.277371810263710e-8
      </forces>
  </step>
  <output>
    <convergence_info>
      <scf_conv>
        <convergence_achieved>true</convergence_achieved>
        <n_scf_steps>8</n_scf_steps>
        <scf_error>1.030463997921113e-11</scf_error>
      </scf_conv>
      <opt_conv>
        <convergence_achieved>true</convergence_achieved>
        <n_opt_steps>1</n_opt_steps>
        <grad_norm>3.459981376403209e-7</grad_norm>
      </opt_conv>
    </convergence_info>
    <algorithmic_info>
      <real_space_q>false</real_space_q>
      <real_space_beta>false</real_space_beta>
      <uspp>true</uspp>
      <paw>false</paw>
    </algorithmic_info>
    <atomic_species ntyp="1" pseudo_dir="./pseudo/">
      <species name="Si">
        <mass>2.808500000000000e1</mass>
        <pseudo_file>Si.pbesol-n-rrkjus_psl.1.0.0.UPF</pseudo_file>
      </species>
    </atomic_species>
    <atomic_structure nat="2" alat="7.263749399829e0">
      <atomic_positions>
        <atom name="Si" index="1">-8.652143056294761e-22 -4.806746142385978e-23 -7.061829862621472e-7</atom>
        <atom name="Si" index="2">3.632188130826705e0 2.097044802699489e0 1.482835811865946e0</atom>
      </atomic_positions>
      <cell>
        <a1>7.264376261842388e0 9.415800863237457e-15 6.657814490690360e-15</a1>
        <a2>3.632188130826709e0 6.291134385419783e0 3.328880140290869e-15</a2>
        <a3>3.632188130826709e0 2.097044795139931e0 5.931340397029336e0</a3>
      </cell>
    </atomic_structure>
    <symmetries>
      <nsym>12</nsym>
      <nrot>12</nrot>
      <space_group>0</space_group>
      <symmetry>
        <info name="identity" class="not found">crystal_symmetry</info>
        <rotation rank="2" dims="3 3" order="F">
          1.000000000000000e0 0.000000000000000e0 0.000000000000000e0
          0.000000000000000e0 1.000000000000000e0 0.000000000000000e0
          0.000000000000000e0 0.000000000000000e0 1.000000000000000e0
          </rotation>
        <fractional_translation>0.000000000000000e0 0.000000000000000e0 0.000000000000000e0</fractional_translation>
        <equivalent_atoms nat="2" size="2">
          1 2
          </equivalent_atoms>
      </symmetry>
      <symmetry>
        <info name="180 deg rotation - cart. axis [1,0,0]" class="not found">crystal_symmetry</info>
        <rotation rank="2" dims="3 3" order="F">
          1.000000000000000e0 1.000000000000000e0 1.000000000000000e0
          0.000000000000000e0 -1.000000000000000e0 0.000000000000000e0
          0.000000000000000e0 0.000000000000000e0 -1.000000000000000e0
          </rotation>
        <fractional_translation>-2.499999990445824e-1 -2.500000008405093e-1 -2.500000010833341e-1</fractional_translation>
        <equivalent_atoms nat="2" size="2">
          2 1
          </equivalent_atoms>
      </symmetry>
      <symmetry>
        <info name="120 deg rotation - cryst. axis [0,0,1]" class="not found">crystal_symmetry</info>
        <rotation rank="2" dims="3 3" order="F">
          -1.000000000000000e0 -1.000000000000000e0 -1.000000000000000e0
          1.000000000000000e0 0.000000000000000e0 0.000000000000000e0
          0.000000000000000e0 0.000000000000000e0 1.000000000000000e0
          </rotation>
        <fractional_translation>0.000000000000000e0 0.000000000000000e0 0.000000000000000e0</fractional_translation>
        <equivalent_atoms nat="2" size="2">
          1 2
          </equivalent_atoms>
      </symmetry>
      <symmetry>
        <info name="120 deg rotation - cryst. axis [0,0,-1]" class="not found">crystal_symmetry</info>
        <rotation rank="2" dims="3 3" order="F">
          0.000000000000000e0 1.000000000000000e0 0.000000000000000e0
          -1.000000000000000e0 -1.000000000000000e0 -1.000000000000000e0
          0.000000000000000e0 0.000000000000000e0 1.000000000000000e0
          </rotation>
        <fractional_translation>0.000000000000000e0 0.000000000000000e0 0.000000000000000e0</fractional_translation>
        <equivalent_atoms nat="2" size="2">
          1 2
          </equivalent_atoms>
      </symmetry>
      <symmetry>
        <info name="180 deg rotation - cryst. axis [0,1,0]" class="not found">crystal_symmetry</info>
        <rotation rank="2" dims="3 3" order="F">
          0.000000000000000e0 -1.000000000000000e0 0.000000000000000e0
          -1.000000000000000e0 0.000000000000000e0 0.000000000000000e0
          0.000000000000000e0 0.000000000000000e0 -1.000000000000000e0
          </rotation>
        <fractional_translation>-2.500000008405093e-1 -2.499999990315743e-1 -2.500000010833341e-1</fractional_translation>
        <equivalent_atoms nat="2" size="2">
          2 1
          </equivalent_atoms>
      </symmetry>
      <symmetry>
        <info name="180 deg rotation - cryst. axis [1,1,0]" class="not found">crystal_symmetry</info>
        <rotation rank="2" dims="3 3" order="F">
          -1.000000000000000e0 0.000000000000000e0 0.000000000000000e0
          1.000000000000000e0 1.000000000000000e0 1.000000000000000e0
          0.000000000000000e0 0.000000000000000e0 -1.000000000000000e0
          </rotation>
        <fractional_translation>-2.499999990315743e-1 -2.499999990445824e-1 -2.500000010833341e-1</fractional_translation>
        <equivalent_atoms nat="2" size="2">
          2 1
          </equivalent_atoms>
      </symmetry>
      <symmetry>
        <info name="inversion" class="not found">crystal_symmetry</info>
        <rotation rank="2" dims="3 3" order="F">
          -1.000000000000000e0 0.000000000000000e0 0.000000000000000e0
          0.000000000000000e0 -1.000000000000000e0 0.000000000000000e0
          0.000000000000000e0 0.000000000000000e0 -1.000000000000000e0
          </rotation>
        <fractional_translation>-2.499999990315743e-1 -2.500000008405093e-1 -2.500000010833341e-1</fractional_translation>
        <equivalent_atoms nat="2" size="2">
          2 1
          </equivalent_atoms>
      </symmetry>
      <symmetry>
        <info name="inv. 180 deg rotation - cart. axis [1,0,0]" class="not found">crystal_symmetry</info>
        <rotation rank="2" dims="3 3" order="F">
          -1.000000000000000e0 -1.000000000000000e0 -1.000000000000000e0
          0.000000000000000e0 1.000000000000000e0 0.000000000000000e0
          0.000000000000000e0 0.000000000000000e0 1.000000000000000e0
          </rotation>
        <fractional_translation>0.000000000000000e0 0.000000000000000e0 0.000000000000000e0</fractional_translation>
        <equivalent_atoms nat="2" size="2">
          1 2
          </equivalent_atoms>
      </symmetry>
      <symmetry>
        <info name="inv. 120 deg rotation - cryst. axis [0,0,1]" class="not found">crystal_symmetry</info>
        <rotation rank="2" dims="3 3" order="F">
          1.000000000000000e0 1.000000000000000e0 1.000000000000000e0
          -1.000000000000000e0 0.000000000000000e0 0.000000000000000e0
          0.000000000000000e0 0.000000000000000e0 -1.000000000000000e0
          </rotation>
        <fractional_translation>-2.499999990445824e-1 -2.499999990315743e-1 -2.500000010833341e-1</fractional_translation>
        <equivalent_atoms nat="2" size="2">
          2 1
          </equivalent_atoms>
      </symmetry>
      <symmetry>
        <info name="inv. 120 deg rotation - cryst. axis [0,0,-1]" class="not found">crystal_symmetry</info>
        <rotation rank="2" dims="3 3" order="F">
          0.000000000000000e0 -1.000000000000000e0 0.000000000000000e0
          1.000000000000000e0 1.000000000000000e0 1.000000000000000e0
          0.000000000000000e0 0.000000000000000e0 -1.000000000000000e0
          </rotation>
        <fractional_translation>-2.500000008405093e-1 -2.499999990445824e-1 -2.500000010833341e-1</fractional_translation>
        <equivalent_atoms nat="2" size="2">
          2 1
          </equivalent_atoms>
      </symmetry>
      <symmetry>
        <info name="inv. 180 deg rotation - cryst. axis [0,1,0]" class="not found">crystal_symmetry</info>
        <rotation rank="2" dims="3 3" order="F">
          0.000000000000000e0 1.000000000000000e0 0.000000000000000e0
          1.000000000000000e0 0.000000000000000e0 0.000000000000000e0
          0.000000000000000e0 0.000000000000000e0 1.000000000000000e0
          </rotation>
        <fractional_translation>0.000000000000000e0 0.000000000000000e0 0.000000000000000e0</fractional_translation>
        <equivalent_atoms nat="2" size="2">
          1 2
          </equivalent_atoms>
      </symmetry>
      <symmetry>
        <info name="inv. 180 deg rotation - cryst. axis [1,1,0]" class="not found">crystal_symmetry</info>
        <rotation rank="2" dims="3 3" order="F">
          1.000000000000000e0 0.000000000000000e0 0.000000000000000e0
          -1.000000000000000e0 -1.000000000000000e0 -1.000000000000000e0
          0.000000000000000e0 0.000000000000000e0 1.000000000000000e0
          </rotation>
        <fractional_translation>0.000000000000000e0 0.000000000000000e0 0.000000000000000e0</fractional_translation>
        <equivalent_atoms nat="2" size="2">
          1 2
          </equivalent_atoms>
      </symmetry>
    </symmetries>
    <basis_set>
      <gamma_only>false</gamma_only>
      <ecutwfc>1.500000000000000e1</ecutwfc>
      <ecutrho>1.200000000000000e2</ecutrho>
      <fft_grid nr1="36" nr2="36" nr3="36"></fft_grid>
      <fft_smooth nr1="32" nr2="32" nr3="32"></fft_smooth>
      <fft_box nr1="36" nr2="36" nr3="36"></fft_box>
      <ngm>16889</ngm>
      <ngms>5985</ngms>
      <npwx>763</npwx>
      <reciprocal_lattice>
        <b1>9.999137073864979e-1 -5.773004481095385e-1 -4.082129228483958e-1</b1>
        <b2>-1.122420688108930e-15 1.154600896249112e0 -4.082129228590150e-1</b2>
        <b3>-1.122383731982735e-15 5.276281231948966e-21 1.224638768577045e0</b3>
      </reciprocal_lattice>
    </basis_set>
    <dft>
      <functional>PBESOL</functional>
    </dft>
    <magnetization>
      <lsda>false</lsda>
      <noncolin>false</noncolin>
      <spinorbit>false</spinorbit>
      <total>0.000000000000000e0</total>
      <absolute>0.000000000000000e0</absolute>
    </magnetization>
    <total_energy>
      <etot>-1.133631044432204e1</etot>
      <eband>3.142731248376000e-1</eband>
      <ehart>5.463726627500015e-1</ehart>
      <vtxc>-3.354794356304107e0</vtxc>
      <etxc>-6.069499516814072e0</etxc>
      <ewald>-8.389523576995238e0</ewald>
      <demet>1.954836803613429e-5</demet>
    </total_energy>
    <band_structure>
      <lsda>false</lsda>
      <noncolin>false</noncolin>
      <spinorbit>false</spinorbit>
      <nbnd>8</nbnd>
      <nelec>8.000000000000000e0</nelec>
      <num_of_atomic_wfc>8</num_of_atomic_wfc>
      <wf_collected>true</wf_collected>
      <fermi_energy>2.303348725318972e-1</fermi_energy>
      <starting_k_points>
        <monkhorst_pack nk1="5" nk2="5" nk3="5" k1="0" k2="0" k3="0">Monkhorst-Pack</monkhorst_pack>
      </starting_k_points>
      <nks>19</nks>
      <occupations_kind>smearing</occupations_kind>
      <smearing degauss="5.000000000000e-3">mv</smearing>
      <ks_energies>
        <k_point weight="1.600000000000e-2">0.000000000000000e0 0.000000000000000e0 0.000000000000000e0</k_point>
        <npw>749</npw>
        <eigenvalues size="8">
          -2.142306101846395e-1 2.257296282274952e-1 2.257297933907689e-1 2.257297951992784e-1 3.180415890593005e-1
          3.180416957545611e-1 3.180416966971323e-1 3.460641220095068e-1
          </eigenvalues>
        <occupations size="8">
          1.000000000000000e0 9.999811167632931e-1 9.999686998127357e-1 9.999685638436830e-1 0.000000000000000e0
          0.000000000000000e0 0.000000000000000e0 0.000000000000000e0
          </occupations>
      </ks_energies>
      <ks_energies>
        <k_point weight="3.200000000000e-2">-2.244767463965470e-16 1.055256246389793e-21 2.449277537154090e-1</k_point>
        <npw>760</npw>
        <eigenvalues size="8">
          -1.951950385625903e-1 1.143824764066023e-1 2.042435340045547e-1 2.042435355315870e-1 3.043843991718552e-1
          3.475256359553771e-1 3.475256401283395e-1 4.447782170284356e-1
          </eigenvalues>
        <occupations size="8">
          1.000000000000000e0 1.000000000000000e0 1.000000000490429e0 1.000000000490430e0 0.000000000000000e0
          0.000000000000000e0 0.000000000000000e0 0.000000000000000e0
          </occupations>
      </ks_energies>
      <ks_energies>
        <k_point weight="3.200000000000e-2">-4.489534927930939e-16 2.110512492779586e-21 4.898555074308180e-1</k_point>
        <npw>763</npw>
        <eigenvalues size="8">
          -1.449398395292826e-1 -5.890088950125508e-3 1.841222334731372e-1 1.841222349466244e-1 2.820314740974213e-1
          3.488702757081146e-1 3.488702773048012e-1 5.061820465096140e-1
          </eigenvalues>
        <occupations size="8">
          1.000000000000000e0 1.000000000000000e0 1.000000000000000e0 1.000000000000000e0 0.000000000000000e0
          0.000000000000000e0 0.000000000000000e0 0.000000000000000e0
          </occupations>
      </ks_energies>
      <ks_energies>
        <k_point weight="9.600000000000e-2">-2.244841376217861e-16 2.309201792498224e-1 -8.164258457180303e-2</k_point>
        <npw>760</npw>
        <eigenvalues size="8">
          -1.951950246422882e-1 1.143826071488012e-1 2.042433868595773e-1 2.042435044937751e-1 3.043842858301105e-1
          3.475255632010150e-1 3.475256363514046e-1 4.447783001070500e-1
          </eigenvalues>
        <occupations size="8">
          1.000000000000000e0 1.000000000000000e0 1.000000000490299e0 1.000000000490402e0 0.000000000000000e0
          0.000000000000000e0 0.000000000000000e0 0.000000000000000e0
          </occupations>
      </ks_energies>
      <ks_energies>
        <k_point weight="9.600000000000e-2">-4.489608840183331e-16 2.309201792498224e-1 1.632851691436060e-1</k_point>
        <npw>753</npw>
        <eigenvalues size="8">
          -1.886508584882824e-1 1.290462595591918e-1 1.704924363750223e-1 1.704925515339653e-1 2.761828265042008e-1
          3.649497001199927e-1 4.040269829526688e-1 4.040270290371105e-1
          </eigenvalues>
        <occupations size="8">
          1.000000000000000e0 1.000000000000000e0 1.000000000000000e0 1.000000000000000e0 0.000000000000000e0
          0.000000000000000e0 0.000000000000000e0 0.000000000000000e0
          </occupations>
      </ks_energies>
      <ks_energies>
        <k_point weight="9.600000000000e-2">-6.734376304148800e-16 2.309201792498224e-1 4.082129228590150e-1</k_point>
        <npw>752</npw>
        <eigenvalues size="8">
          -1.466267032732217e-1 3.008316403774832e-2 1.281988225974063e-1 1.518060939813965e-1 2.874330109610335e-1
          3.724356704631706e-1 4.046954822705956e-1 4.235285472987236e-1
          </eigenvalues>
        <occupations size="8">
          1.000000000000000e0 1.000000000000000e0 1.000000000000000e0 1.000000000000000e0 0.000000000000000e0
          0.000000000000000e0 0.000000000000000e0 0.000000000000000e0
          </occupations>
      </ks_energies>
      <ks_energies>
        <k_point weight="9.600000000000e-2">2.244693551713079e-16 2.309201792498224e-1 -5.714980920026211e-1</k_point>
        <npw>753</npw>
        <eigenvalues size="8">
          -1.138929383847084e-1 -2.146033064551039e-2 9.824233572151858e-2 1.623270508357857e-1 2.978026334367736e-1
          3.920490755862332e-1 3.999486428607074e-1 5.006449513436664e-1
          </eigenvalues>
        <occupations size="8">
          1.000000000000000e0 1.000000000000000e0 1.000000000000000e0 1.000000000000000e0 0.000000000000000e0
          0.000000000000000e0 0.000000000000000e0 0.000000000000000e0
          </occupations>
      </ks_energies>
      <ks_energies>
        <k_point weight="9.600000000000e-2">-7.391225239185077e-21 2.309201792498224e-1 -3.265703382872119e-1</k_point>
        <npw>758</npw>
        <eigenvalues size="8">
          -1.645864754813740e-1 6.079201024404357e-2 1.140056295302075e-1 1.945105007629943e-1 3.293330411811110e-1
          3.705208478324224e-1 3.814471950355520e-1 4.328816109991403e-1
          </eigenvalues>
        <occupations size="8">
          1.000000000000000e0 1.000000000000000e0 1.000000000000000e0 1.000000000000000e0 0.000000000000000e0
          0.000000000000000e0 0.000000000000000e0 0.000000000000000e0
          </occupations>
      </ks_energies>
      <ks_energies>
        <k_point weight="9.600000000000e-2">-4.489682752435721e-16 4.618403584996448e-1 -1.632851691436060e-1</k_point>
        <npw>763</npw>
        <eigenvalues size="8">
          -1.449397795485742e-1 -5.890028450267905e-3 1.841220892137766e-1 1.841221800186315e-1 2.820313236752903e-1
          3.488701804947677e-1 3.488702093246233e-1 5.061818747650200e-1
          </eigenvalues>
        <occupations size="8">
          1.000000000000000e0 1.000000000000000e0 1.000000000000000e0 1.000000000000000e0 0.000000000000000e0
          0.000000000000000e0 0.000000000000000e0 0.000000000000000e0
          </occupations>
      </ks_energies>
      <ks_energies>
        <k_point weight="9.600000000000e-2">-6.734450216401189e-16 4.618403584996448e-1 8.164258457180296e-2</k_point>
        <npw>752</npw>
        <eigenvalues size="8">
          -1.466266624869220e-1 3.008318939854616e-2 1.281987900369050e-1 1.518060695187586e-1 2.874329631213924e-1
          3.724355606240169e-1 4.046952848024707e-1 4.235284414700439e-1
          </eigenvalues>
        <occupations size="8">
          1.000000000000000e0 1.000000000000000e0 1.000000000000000e0 1.000000000000000e0 0.000000000000000e0
          0.000000000000000e0 0.000000000000000e0 0.000000000000000e0
          </occupations>
      </ks_energies>
      <ks_energies>
        <k_point weight="9.600000000000e-2">-8.979217680366663e-16 4.618403584996448e-1 3.265703382872120e-1</k_point>
        <npw>753</npw>
        <eigenvalues size="8">
          -1.144547217856566e-1 -1.484997481101185e-3 1.260177400451284e-1 1.260178590704344e-1 2.429829507374048e-1
          2.695335110817858e-1 5.362962689109261e-1 5.362962910483715e-1
          </eigenvalues>
        <occupations size="8">
          1.000000000000000e0 1.000000000000000e0 1.000000000000000e0 1.000000000000000e0 1.360187376031607e-5
          0.000000000000000e0 0.000000000000000e0 0.000000000000000e0
          </occupations>
      </ks_energies>
      <ks_energies>
        <k_point weight="9.600000000000e-2">-1.478245047817294e-20 4.618403584996448e-1 -6.531406765744242e-1</k_point>
        <npw>746</npw>
        <eigenvalues size="8">
          -6.991811309166554e-2 -4.790795243148095e-2 7.456781495050604e-2 1.304248123346195e-1 2.593818968787689e-1
          3.381820238683737e-1 5.209544114896596e-1 5.431406995915015e-1
          </eigenvalues>
        <occupations size="8">
          1.000000000000000e0 1.000000000000000e0 1.000000000000000e0 1.000000000000000e0 0.000000000000000e0
          0.000000000000000e0 0.000000000000000e0 0.000000000000000e0
          </occupations>
      </ks_energies>
      <ks_energies>
        <k_point weight="9.600000000000e-2">-2.244915288470253e-16 4.618403584996448e-1 -4.082129228590150e-1</k_point>
        <npw>753</npw>
        <eigenvalues size="8">
          -1.138928791159766e-1 -2.146030999277380e-2 9.824225239369760e-2 1.623270251873999e-1 2.978025832925949e-1
          3.920489056587430e-1 3.999485274986902e-1 5.006466945195019e-1
          </eigenvalues>
        <occupations size="8">
          1.000000000000000e0 1.000000000000000e0 1.000000000000000e0 1.000000000000000e0 0.000000000000000e0
          0.000000000000000e0 0.000000000000000e0 0.000000000000000e0
          </occupations>
      </ks_energies>
      <ks_energies>
        <k_point weight="1.920000000000e-1">1.999827414772991e-1 3.463802688777372e-1 -2.449277537132852e-1</k_point>
        <npw>752</npw>
        <eigenvalues size="8">
          -1.466266736077327e-1 3.008322469596884e-2 1.281988111699594e-1 1.518059703355908e-1 2.874329158889284e-1
          3.724357632794911e-1 4.046953756712970e-1 4.235284722822707e-1
          </eigenvalues>
        <occupations size="8">
          1.000000000000000e0 1.000000000000000e0 1.000000000000000e0 1.000000000000000e0 0.000000000000000e0
          0.000000000000000e0 0.000000000000000e0 0.000000000000000e0
          </occupations>
      </ks_energies>
      <ks_energies>
        <k_point weight="9.600000000000e-2">1.999827414772989e-1 3.463802688777372e-1 2.123801134956693e-12</k_point>
        <npw>758</npw>
        <eigenvalues size="8">
          -1.645864489379776e-1 6.079203373202179e-2 1.140056616087911e-1 1.945104108559536e-1 3.293329682209849e-1
          3.705208036269002e-1 3.814470881963344e-1 4.328815308602683e-1
          </eigenvalues>
        <occupations size="8">
          1.000000000000000e0 1.000000000000000e0 1.000000000000000e0 1.000000000000000e0 0.000000000000000e0
          0.000000000000000e0 0.000000000000000e0 0.000000000000000e0
          </occupations>
      </ks_energies>
      <ks_energies>
        <k_point weight="1.920000000000e-1">1.999827414772996e-1 3.463802688777372e-1 -7.347832611441032e-1</k_point>
        <npw>750</npw>
        <eigenvalues size="8">
          -9.816171881103081e-2 -1.554802656543706e-2 7.773467941298493e-2 1.144177325822403e-1 3.474537064577872e-1
          3.606225795014308e-1 3.860484547310684e-1 5.089007694751276e-1
          </eigenvalues>
        <occupations size="8">
          1.000000000000000e0 1.000000000000000e0 1.000000000000000e0 1.000000000000000e0 0.000000000000000e0
          0.000000000000000e0 0.000000000000000e0 0.000000000000000e0
          </occupations>
      </ks_energies>
      <ks_energies>
        <k_point weight="1.920000000000e-1">1.999827414773000e-1 -5.773004481215525e-1 8.164258457392686e-2</k_point>
        <npw>753</npw>
        <eigenvalues size="8">
          -1.138928596898925e-1 -2.146031521195144e-2 9.824229705007065e-2 1.623269383267658e-1 2.978025185517511e-1
          3.920489031616495e-1 3.999485396058902e-1 5.006447116320464e-1
          </eigenvalues>
        <occupations size="8">
          1.000000000000000e0 1.000000000000000e0 1.000000000000000e0 1.000000000000000e0 0.000000000000000e0
          0.000000000000000e0 0.000000000000000e0 0.000000000000000e0
          </occupations>
      </ks_energies>
      <ks_energies>
        <k_point weight="1.920000000000e-1">1.999827414772996e-1 -5.773004481215525e-1 5.714980920047448e-1</k_point>
        <npw>750</npw>
        <eigenvalues size="8">
          -9.816167181795247e-2 -1.554805398025240e-2 7.773468944867183e-2 1.144177017331331e-1 3.474536870394638e-1
          3.606225028322175e-1 3.860483350420911e-1 5.089009976260643e-1
          </eigenvalues>
        <occupations size="8">
          1.000000000000000e0 1.000000000000000e0 1.000000000000000e0 1.000000000000000e0 0.000000000000000e0
          0.000000000000000e0 0.000000000000000e0 0.000000000000000e0
          </occupations>
      </ks_energies>
      <ks_energies>
        <k_point weight="9.600000000000e-2">1.999827414773005e-1 -5.773004481215525e-1 -4.082129228568911e-1</k_point>
        <npw>746</npw>
        <eigenvalues size="8">
          -6.991806320687688e-2 -4.790797793206355e-2 7.456786724189913e-2 1.304246981627806e-1 2.593817798164053e-1
          3.381822112874897e-1 5.209542906008324e-1 5.431474589440515e-1
          </eigenvalues>
        <occupations size="8">
          1.000000000000000e0 1.000000000000000e0 1.000000000000000e0 1.000000000000000e0 0.000000000000000e0
          0.000000000000000e0 0.000000000000000e0 0.000000000000000e0
          </occupations>
      </ks_energies>
    </band_structure>
    <forces rank="2" dims="3 2" order="F">
      -1.121145884785644e-22 4.032135774172382e-26 1.223288147016936e-7
      1.121145884785644e-22 -4.032135774172382e-26 -1.223288147016936e-7
      </forces>
    <stress rank="2" dims="3 3" order="F">
      9.014443260653621e-7 1.353764552716757e-17 9.572576484978899e-18
      1.353759445611691e-17 9.014443260608823e-7 2.117640696839489e-22
      9.572656311886080e-18 -1.058752274439652e-22 9.031027176026676e-7
      </stress>
  </output>
  <status>0</status>
  <timing_info>
    <total label="PWSCF">
      <cpu>5.965913050000001e2</cpu>
      <wall>1.017723468780518e3</wall>
    </total>
    <partial label="electrons" calls="3">
      <cpu>2.797803100000000e2</cpu>
      <wall>4.520678608417511e2</wall>
    </partial>
  </timing_info>
  <closed DATE="11 May 2022" TIME="14:48:42"></closed>
</qes:espresso>
